review,review_date,review_star
"Overall, this laptop stand does the job, but there‚Äôs definitely room for improvement. The hinges are a bit too loose, which affects the stability but after placing laptop  it doesn't slips out of position. 

The rubber tape is  attached but not good  as advertised . I think it will be gonna deatached out soon

If the hinges were tighter, this would easily be a 5-star product.",23 Apr 2025,4.0
moh lae ramraii lagyo packing neh ramraii xw ani saman neh,4 weeks ago,5.0
Product is good and functions nice. Rubber attached in laptop holding area and surface area keep laptop still and stagnant. Satisfied üòä,11 Feb 2024,4.0
quality 105% best lageyo ani finishing pani dhirahi ramro xa mero laptop Acer swift go 14b OLED Model ko ma stand aali hight vayo jasle garda pura lod hinch ma parna gayo 14 inch ko laptop ko lagi aali thik lagen 14 inch vanda mathi ko laptop ko lagi yekdam best üëå  hunxa mero bichar ma maile tw return garnu vanda yeslai modify garerw use garne soch gare,12 Feb 2024,5.0
"Well it works well . It's really good for gaming and studying . The main catch is it is the best for space management. Just to flex, I'm Elden lord ü•∞",12 Aug 2025,5.0
"Overall, this laptop stand does the job, but there‚Äôs definitely room for improvement. The hinges are a bit too loose, which affects the stability but after placing laptop  it doesn't slips out of position. 

The rubber tape is  attached but not good  as advertised . I think it will be gonna deatached out soon

If the hinges were tighter, this would easily be a 5-star product.",23 Apr 2025,4.0
moh lae ramraii lagyo packing neh ramraii xw ani saman neh,4 weeks ago,5.0
Product is good and functions nice. Rubber attached in laptop holding area and surface area keep laptop still and stagnant. Satisfied üòä,11 Feb 2024,4.0
quality 105% best lageyo ani finishing pani dhirahi ramro xa mero laptop Acer swift go 14b OLED Model ko ma stand aali hight vayo jasle garda pura lod hinch ma parna gayo 14 inch ko laptop ko lagi aali thik lagen 14 inch vanda mathi ko laptop ko lagi yekdam best üëå  hunxa mero bichar ma maile tw return garnu vanda yeslai modify garerw use garne soch gare,12 Feb 2024,5.0
"Well it works well . It's really good for gaming and studying . The main catch is it is the best for space management. Just to flex, I'm Elden lord ü•∞",12 Aug 2025,5.0
"Well it works well . It's really good for gaming and studying . The main catch is it is the best for space management. Just to flex, I'm Elden lord ü•∞ ",12 Aug 2025,5.0
Wonder full laptop stand it is fully made of metal which is durable for years . Recommended from my side you should purchase it ,20 Apr 2025,4.0
"it's really really nice product ,i like it, good material,fast delivery, affordable price , thank you üíêüíê ",12 Jun 2025,5.0
The product is exact as shown in the picture. Delivery was also very quick. It is a good product and is ergonomic as well.  ,27 Mar 2025,4.0
"My laptop is 14 inch, and it fits well but rubber sticker was placed at wrong place at the bottom due to which it was slippery. I placed it at the right place and it is steady now. Anyway good product. ",21 Mar 2025,5.0
loved this one... is same as shown and works well... thank you daraz and seller... happy with the purchase. ,08 Jun 2025,5.0
"This product exceeded my expectations with its quality, reliability, and ease of use. Excellent value for money, highly recommend it to anyone seeking durability, efficiency, and satisfaction in daily use ",08 Sep 2025,5.0
"it is better than expected 
has good weight and looks durable 
has good rubber paddings 
best at this price  ",02 Feb 2025,5.0
The Quality Is Nice But One Stand Is Small So I Gave 4 star Otherwise You Can Adjust And use it is Very Good‚ù§Ô∏è ,12 Apr 2025,4.0
"I ordered 2 of them.
1. One of them has this weird patch on it.
2. Both of them are uneven. ",31 Mar 2025,4.0
good product price aunsar but height lock garni niskeko niskai huniraicha but worth it ! ,02 Apr 2025,5.0
The stand is good at first I thought it was lose but when i put my laptop it seem strudy ,09 Oct 2025,5.0
excellent products and same as shown in the picture and thanks for this product daraz ,23 Jan 2025,5.0
"product is good...at this price..
price worthy...thank you daraz for this product.. ",15 Nov 2025,5.0
Ramro xa. Saman chai ali aaza heavy vaye stable hunthyo hola but overall Thikai xa ,3 weeks ago,4.0
"Ok quality, quite uneven footings and unstable until you put yr laptop ",04 Aug 2025,4.0
It‚Äôs been 2 years and I‚Äôm still using it. That means it is durable.  ,30 Apr 2025,5.0
"No problem with it so far..
The product is sturdy and seems of good quality
I'd recommend it.",13 Oct 2023,4.0
Nice one üòÉüòÉüòÉ also fast delivery ko lagi dhanyabad üôèüôèüôè ,26 Jun 2025,5.0
if extra some  features are added then it would be best. ,27 Jan 2025,5.0
it was awesome as expected thanks.for the good service  ,14 Jun 2025,5.0
perfect....can buy it....majale support garxa laptop  ,09 Jun 2025,5.0
"Just received, Great product
Best value for money ",24 Apr 2025,5.0
Very good product and packaging. I recommend it. ,09 Mar 2025,5.0
it's fine. you can buy it without hesitation. ,14 Jun 2025,5.0
nice easy to use and helps to reduce overheat ,17 Oct 2025,5.0
Nice very nice nicest good very good goodest ,11 Apr 2025,5.0
Quite good as per price . And stable too .  ,22 Jul 2025,5.0
"Pokhara ma 1000 vanetiyo sasto mae payo
 ",06 Mar 2025,5.0
"Nice product. Perfectly worked as expected üëçÔ∏è
Satisfied with the product and service üòÄ",04 Jul 2024,5.0
"does it's job, what more can you say ",20 Aug 2025,5.0
It was good product. Thanks seller. ,23 May 2025,5.0
"its amazing,real product and away from my imaginationüòç ",14 Aug 2024,5.0
"It is perfect as it was shown in the picture. Works well with my Lenovo LOQ 15.6 inches. It is sturdy and doesn't wobble. With the rubber grips, it can hold up to 17 inches laptops or laptops with a weight of 3 kg easily. I'm impressed with this product....I definitely recommend itüòÅüëç‚ú®",30 May 2024,5.0
decent and sturdyyyyyyyyyyyyyyyy ,17 Jun 2025,5.0
Price anusaar ko thikai chha.  ,25 Sep 2025,5.0
Great value for money ,22 Sep 2025,5.0
it's working well  ,20 Apr 2025,5.0
I wasn't expecting it to be as effective as it really is. The stand seems durable enough and can firmly hold my heavy laptop. The portability is a cherry on top and it even comes with a small bag. Overall a great product. Value for price üëå,05 May 2024,5.0
good product  ,14 Feb 2025,4.0
nice ,01 May 2025,5.0
thikai lagho jehos yo price range ma ramro xaüòä,08 Feb 2024,4.0
Just the way I envisioned it to be and that makes me really happy.,03 Jan 2024,5.0
I expected the product to be little stronger as it is made of aluminium but its weak anyway its good product for lightweight laptops. The fan was also working properly . ,1 week ago,3.0
It is fine but i saw some visible rust marks behind the stand one arm is slightly loose but it is working fine ,22 Oct 2025,3.0
typ stand lai jodni chai plastic ko raixa so testo rameo vamdina aru no doubt sab ramro xa just tyo full metal vaye ko vaye ekdam ramro ,22 Aug 2025,3.0
best quality ,11 Aug 2024,5.0
Well! i got this stand. And in good condition. Packaging is so good. hope it will last long. üòä But i think it is expensive. ,04 Apr 2023,4.0
 Ekdam ramro stand Dherai strong raixa mero 16 inch ko laptoplai muzzle vyo.bokera hidnu pni sajilo raixa.Seller dherai helpful ani responsible hunuhunxa.recommend to all buyers.,06 Oct 2021,5.0
it's very strong and good quality material stand.i am really happy.mero 16 inch ko laptop ko lagi muzzle fit vyo.yo price ma yeti ramro product provide garnu vayeko ma Thank you Daraz.fully satisfiedüòÉüòÉ,14 Mar 2022,5.0
"it is quite strong product to hold heavyweight laptop too.. seems durable as it is made of aluminium. 
the product was well packed when received,but could be better if a case bag to carry the stand along while carrying along laptop. ",15 Nov 2021,4.0
price ko hisab lea ramro ho Lida hunxa malai xai dami nai lago loved it ü•∞,26 May 2023,5.0
nice product although a little bit tilting problem ,10 Jun 2025,3.0
"Build quality is quite good but lowest configuration ma stable nahudo raxa baki configuration ma ramro xa
ani rakhne pouch pani ramro xa",14 Dec 2021,5.0
one of the support pin is SHORTER than the other and because of this there is a slight gap between the base and laptop on one side(last pic) while there is no gap on another side.,11 Oct 2022,2.0
It was so preety good and very usefulI.I got 7 adjustable level.As shown in the picture as expected.THANK YOU DARAZ Seller aswell.I Recommended.,23 Sep 2021,5.0
"It's pretty much okayish for the price but at times it slips off.
",28 Feb 2024,4.0
"This stand fit okay for my 16 inch Dell laptop, although it felt a bit small. For smaller laptop it fits perfectly. The build of the stand is also good and made of metal, and seems a good value for the price. Delivery was also really quick.",24 Dec 2023,4.0
Works perfectly. üëå,30 Apr 2024,5.0
it's the best on its price segment. it holds my 15.6 inch laptop perfectly and strongly recommend üòÑ,06 Nov 2023,5.0
"About Product :
The product is good. Its made up of aluminium. Ali ali shake vaye pani its not that bad. Sticky grips harule garda table ma stable hunxa. Mero 14"" ko laptop majale rakhna mileko xa. Socheko vanda chai stand ko size ali sanai lagyo but its very useful for what it does.

About Seller:
Seller ni ekdam ramro ho. Suru ma maile stand order garda aadha samma matra khulne partially defective jasto thiyo rw bag ni ako thena but after talking with seller for few times he exchanged it. I will buy from him again.  ",29 Sep 2021,4.0
"Very very flimsy. The left side of the stand is weaker than the right side. Other than that, it does the job fine. You get what you pay for I guess.",22 Jun 2022,2.0
Very useful product for laptop.same as shown the picture.full body aluminium material.I like and Love it.Tq Daraz I recommend.üòÑüòÑüòÑ,29 Sep 2021,5.0
"Really impressed by the quality, strength and the usefullness of the product. Certainly would recommend anyone who knows its function. So, just go for it, the product is superbüëç",15 Aug 2022,5.0
"The product is identical to what is shown in the description. It is indeed a high quality product, the packaging was also good.I will definitely recommend it.",06 Nov 2023,5.0
Wow really Amazing product.Whole body aluminum and looks preety Thank you DARAZ Seller aswellü§óü§óü§ó,02 Sep 2021,5.0
loved he product.Daro pani raixa,20 Apr 2023,5.0
It's a good one for this price range.,26 May 2023,5.0
Nice product. It is sturdy.,19 Sep 2023,5.0
very good product.                                          #review_wrapup,11 Dec 2023,4.0
"Eakdam ramro stand raixa. Quality ni babbal raixa
I highly recommend to buy this product",23 Feb 2022,5.0
Another satisfied customer üôå,03 Jun 2023,5.0
"Packaging was very good and delivery was on time. Product is solid and sturdy. Could have been a little bit more expandable for larger laptops. But, overall it's a good product in my opinion.",06 Oct 2023,4.0
Ramrai chha ,22 Oct 2024,3.0
"The packaging was great, but not convinced with the product itself, which is slightly lose on the left side. Don‚Äôt feel safe enough. Would really appreciate an exchange if possible.",28 Mar 2024,3.0
Definitely not worth your money! It came with multiple scratches and seems to be used! The whole stand is bent to one side and will not still stable when the laptop is placed. very weak and bad build quality.,06 Dec 2021,1.0
"its Really Amazing Stand Built With Full Aluminum.All Daraz Customers Who Want This Product Plz Without Any Doubt Buy it.This Product 7 level Adjustment level And Looking So Preety.I Am Really Happy With This Product.SELLER Was Very Helpful And Responsible.Thank you DARAZ And Good Seller.I Recommend To All Of You.
",13 Sep 2021,5.0
The stand is functional at best. Definitely not worth 1000 rs. The finishing is very bad and there are a lot of scratches out of the box. The connections are not rigid and doesn't feel robust. ,18 Nov 2021,2.0
holds my 16 inch laptop well. it's kinda wobbly but it's not really a problem considering it's price. I would rate it 4.5/5,23 Mar 2023,5.0
"As i bought it on flash sale i was not so sure about the quality. But now as i got to use the product, it is AMAZING. Strong, Steady and looks great too.
It worked for my 14"" laptop. Not sure about the price range tho.",22 Oct 2021,5.0
Looks decent till but i used to think ki laptop ko size jattrai hunx but hudo rainx anyway laptop chahi addiyo ,16 Aug 2025,5.0
Laptop stand is pretty good. It is also good for heavy  laptop. Anyone can buy this stand for your laptop.,05 Apr 2022,5.0
"the stand does not stand firmly on the floor. one side of the locker is okay to go but the next side locker doesn't stay in place.
  i still need support to make it firmly stay in the floor and locker to get locked correctly.

 is there any exchange available? if yes, how can I? ",07 Apr 2025,2.0
Good for this price range but the lower grip is not so good because it's not gripping properly on the table. ,07 Jul 2025,4.0
"Bought it previously from the same seller, this time it was slightly different and of a lower quality. ",29 Nov 2024,5.0
10/10. I was skeptic but this product is very good. Gives proper support. It works good for my 14in laptop too.  ,10 Apr 2025,5.0
Ramro xa hai laptop stand Tara stand ko aauta khutta sani aauta thulo xa tara tesle teti farak pardaina.  ,13 Apr 2025,5.0
Very sturdy and good grips. Also loving the pouch it comes in.,10 Oct 2021,5.0
I had been using 1 weeks... It is of outstanding quality and hold my Asus a15 laptop properly. ,25 Oct 2025,5.0
"Works.
A bit flimsy in build quality but as long as it holds the laptop, fine with me.  ",27 Jul 2025,4.0
Nice stand works really well for my legion 2024 model as well which us 16‚Äù and 2.5 kg. ,16 Nov 2024,5.0
Works just fine. The build is okayish. The grip rubber at the ends gets off easily.  ,27 Feb 2025,4.0
Satisfied with the product. Intact and strong.,07 Mar 2022,5.0
I have ordered 7 mode foldable but i got 6 mode only so not believable store,08 Aug 2022,4.0
It's small comparing to the images posted by the reviewer. Check my images.,23 Nov 2021,3.0
The product quality is quite good and satisfying.üëç,21 Oct 2023,5.0
The laptop stand is of good quality. I am totally satisfied with this stand.  ,03 Dec 2024,5.0
Great Product works as shown but bag ko quality naramro theo natrw everything else is great... just airflow rw height ko lai great option..,26 Jul 2024,4.0
just looking like a wow ü§Ø,07 Dec 2023,5.0
"its been more than 6 months , works perfectly well and definitely improved my laptop thermals too  ",12 Aug 2024,5.0
7 level vaneko thiyo buy Garda but 6 level matra cha but does the job done for me. yetiko price ma thikai ho. ,09 Mar 2022,4.0
"the stand part is not attached, there is no pin holding that part, i would like to return this and hope i'll get a proper one",13 Oct 2022,2.0
Had to take out the excess aluminum by myself but a very nice product for the price! Would recommend other brands if you need a more premium finish though but can't complain for this price! ,11 Jan 2022,5.0
I received it in good condition and i uses for few minutes and it was good ,07 Jun 2025,5.0
Great product with lots of adjustments available. Product is worth buying. ,27 Jun 2025,5.0
"the items is not as mentioned in photo. 
there is no one stand . i want to return this and get a new one 
",06 Jan 2023,1.0
"Title says 7 level adjustment, got 6level even though there is written 7 level in box. very poor service from the seller and size is not recommended for above 15 inch laptop. Very disappointed.",29 Aug 2021,1.0
highly satisfied with the product,31 Jan 2022,5.0
product Sahi Lago malai laptop chiplela ki vanne lageko thiyo but chiplidaina rahexa hallauda Pani ,07 Dec 2021,5.0
500 ma best nai product ho hai best nai xa study ko lagi best nai huncha ,29 Jun 2025,5.0
dai haru lai ali garo vayo  . bato apthyaro vayera tara chitai deliever vayo .. ramro xa thankyou,14 Oct 2022,5.0
Very good and good value for money ,13 Nov 2023,5.0
"Delivery : 9/10 
Quality : 9/ 10
Packaging : 9/10 
Price : 9/10",26 Jun 2022,4.0
"didn't lived up to my expectations though, too slippery in glass table. ",12 Dec 2024,5.0
quality is so good more stable stand so you can buy without hesitation  ,13 Mar 2025,5.0
It was nice product it is more easy and comfortable to useüòä,23 Jul 2023,5.0
Wow recieved a good and quality product at a reasonable price thank you DaraZ ‚Ä¶‚Ä¶‚ù§Ô∏è‚ù§Ô∏è‚ù§Ô∏èüî•üî•üî•,24 Jan 2022,5.0
"very good product
",11 Dec 2023,5.0
This is very nice product . It is suitable for 15 inch laptop also. ,27 Mar 2025,5.0
"Value for money
Quality was good
Packaging was also good


",10 Mar 2024,4.0
"little flimsy for my 17inch laptop. But for the price, its okay. ",12 Jun 2025,4.0
It easily supports heavy gaming laptop like acer nitro.,26 Jun 2023,5.0
"Does what it's supposed to do, would recommend it.",20 Oct 2021,5.0
"Sturdy, easy to carry and affordable just what students need. ",08 Apr 2025,5.0
Really sturdy amazing product. Highly recommended,23 Jul 2021,5.0
"What do you think of the quality and appearance? 
Medium  ",4 weeks ago,4.0
item is good for this price my laptop is comfortable now ,19 Oct 2025,5.0
great product. Loved it. its been a year using this now. ,31 Dec 2024,5.0
works great on 17 inch laptop. Been using for a month and it's working fine,02 Mar 2022,5.0
sturdy . exactly what it says . like it for the price.  ,07 Nov 2024,5.0
Worth it at this price..its sturdy and of good quality  ,20 Jan 2025,5.0
i mean its aluminium works as advertised pretty sturdy ,16 Mar 2025,5.0
"I was supposed to get PAN Bill for 2 product but got the bill for only one .. Kindly Provide the authentic Bill..
Product is Good !!",27 Nov 2023,3.0
"Good quality product, nice packaging, timely delivery ",17 Apr 2025,5.0
"The product is really good.
Thankyou‚ù§Ô∏è",28 Mar 2023,5.0
pretty good for the price but one of the stand wasn't fitting properly ,23 Feb 2023,4.0
Really helpful. As good as expected,29 Dec 2021,5.0
Can hold 15 inch laptop easily. Looks like it can last long. Thanks,14 Mar 2022,5.0
been a month since using it.its a decent product ,14 Jul 2025,5.0
"nice , very useful and safe at the office desk.. ",11 Mar 2025,5.0
Very comfortable to use. Quality is also good.  ,20 Oct 2025,5.0
Sturdy and holds laptop well..,22 Apr 2022,5.0
Love it... worth the price...,26 Dec 2021,5.0
Perfectly fitting for 16 inch laptop.,22 Oct 2021,5.0
thik xa not that amazing not that bad either  ,02 Mar 2025,5.0
I got damaged one. Online vanera damaged product pathako hoki,01 Nov 2022,1.0
Excellent! Very useful product for frequent laptop users. ,08 Feb 2024,5.0
"Ekdam ramro cha , jasto dekhako testai chai  ",31 May 2025,5.0
product overall thikai xa value for money  ,14 Aug 2025,4.0
good quality product at affordable price!  ,13 May 2025,5.0
wrong products delivery ,27 Sep 2022,1.0
it's a good deal with discounted price üëç ,11 May 2025,5.0
"Waa jawaf nahi, kada xa, kam ,dam and sab ",3 weeks ago,5.0
I have received a defective piece with a screw missing. ,14 Sep 2022,1.0
I just luv the product according  to its price its nice,12 Nov 2022,5.0
The product is good. Value for the money ,25 Sep 2025,4.0
"gifted my friend, had a good experience  ",15 Feb 2025,5.0
Nice product .loved it ‚ù§Ô∏è,14 Jul 2023,5.0
good it seems robust to use for laptop ,09 Jun 2025,5.0
it is worth it. exactly like I ordered ,21 Jan 2025,5.0
dami lagyo price anushar ko ramro xa ,13 Jul 2025,5.0
Nice product and price is reasonable ,30 Mar 2025,5.0
it's good. now I will be able to work comfortably,30 Dec 2021,5.0
decent. Could be more better it was wide enough ,30 Aug 2024,4.0
"Good product, but little difficult to change step otherwise works well",01 Jul 2024,5.0
good enough for old laptops also ,06 Oct 2025,4.0
little small but value for money ,10 Jun 2025,4.0
üëçüèª,31 May 2023,5.0
"Exactly as shown.
Does the job! ",02 Jun 2025,5.0
Nice product. Totally worth it  ,21 Apr 2025,5.0
"Exactly as shown.
Does the job! ",02 Jun 2025,5.0
its really helpfull.i loved it ,18 Apr 2025,5.0
good acording to price range  ,15 Mar 2025,5.0
screw got displaced within a week time.,13 Mar 2023,1.0
amazing product and delivery guy so humble and appreciates work.,06 Jul 2024,5.0
Good Product. Fast Delivery  ,09 Jun 2025,5.0
babal cha. totally worth it  ,27 Dec 2024,5.0
"Received a faulty one, so disappointed",17 Jul 2022,1.0
it was not not as expected  ,27 Apr 2025,5.0
Liked it. Recommend product ,26 Feb 2025,5.0
It is quite a good product. ,13 Jun 2025,5.0
"love it. super sturdy 
recommended ‚ù§",22 Aug 2022,5.0
it's good for this price  ,08 Jul 2025,5.0
it's actually quite nice  ,08 Dec 2024,5.0
it's pretty good worth it ,16 Sep 2025,4.0
"Nice, useful and strong product ‚ù§Ô∏è",22 Dec 2022,4.0
"Thekai ‡§õ, but small then expected ",12 Jan 2022,5.0
‡§ó‡§ú‡•ç‡§ú‡§¨ ‡§≤‡§æ‡§ó‡•ç‡§Ø‡•ã ‡§Æ‡§≤‡§æ‡§à ‡§ö‡§æ‡§Å‡§π‡•Ä ‡•§ Heavy ‡§∞‡•à‡§õ ‡§Ö‡§®‡§ø ‡§´‡§ø‡§®‡§ø‡§∏‡§ø‡§Ç‡§ó ‡§™‡§®‡§ø ‡§∞‡§æ‡§Æ‡•ç‡§∞‡•ã ‡•§ ‡§§‡§§‡•ç‡§ï‡§æ‡§≤‡§ï‡§æ ‡§≤‡§æ‡§ó‡§ø ‡§°‡•á‡§∏‡•ç‡§ï‡§ü‡§™ ‡§Æ‡§®‡§ø‡§ü‡§∞ ‡§ï‡§ø‡§®‡•ç‡§®‡•Å ‡§™‡§∞‡•á‡§® ‡§Ø‡§∏‡§∞‡•ç‡§• ‡•®‡•® ‡§¶‡•á‡§ñ‡§ø ‡•®‡•´ ‡§π‡§ú‡§æ‡§∞ ‡§ú‡•ã‡§ó‡§ø‡§Ø‡•ã ‡•§ ‡§ß‡§®‡•ç‡§Ø‡§µ‡§æ‡§¶ ‡§¶‡§∞‡§æ‡§ú ‡•§ ,29 May 2023,4.0
durable and easy to use. ,12 Aug 2025,4.0
"good quality and sturdy as well üíØ 
ekdam sajilo ramro cha so kasaile buy gardai hunuhuncha vane dhukka saga yei seller bata kinda huncha hai ans specially thank you seller and daraz team ‚ù§Ô∏è",19 Mar 2024,5.0
It is much better than a plastic one holds laptop really well really happy wth the product,05 Jul 2021,4.0
not bad product ta thikai ho Tara delver chai late idk ridder ko Galti ho ya seller ko ,27 Mar 2024,4.0
Good product! Holds my 15 inch laptop just fine.,14 Jun 2024,5.0
best quality in this price range üòÑ,02 Jul 2024,5.0
,31 Oct 2022,5.0
"For the price, this laptop stand is decent but has some drawbacks. While functional, it‚Äôs not the most durable option. The paint tends to chip off easily, and the rubber pads on the feet wore out fairly quickly. 
I'd recommend setting it up in a fixed spot rather than moving it frequently to prolong its lifespan.",12 Nov 2024,3.0
"working fine. But I don't suggest to buy if your laptop is heavier than 1.5KG or bigger in size than 13 inch. it's good for MacBook and similar laptops. you cant move it from one to another position normally, if you do so your stand might get broken or your laptop may get damaged. so if you can fix your laptop in one place and your table is placed in the corner of your room then you can be benefited by this product otherwise don't buy it. 
 ",29 Mar 2025,3.0
"Overall build quality is nice for the price. My only gripe is the slider feet which is inserted in one of the 7 holes is made of plastic. Making it as critical point of failure. As the whole laptop weight stands on it, there is high to medium change of breakage within a year. Rest of the build is aluminum and decently sturdy. A good product nonetheless if you intend to use for a year or two at decentish price.
",02 Sep 2025,3.0
good ,06 Aug 2024,5.0
It's great so far. I'm interested in finding out how long it's going to last. ,20 Mar 2024,4.0
Perfect. ,30 Jul 2024,5.0
the product is nice but it is a little bit small for macbook 16 inch,07 Apr 2024,4.0
Worth the price highly recommended ‚ù§Ô∏è,06 Jun 2024,5.0
Good ,21 Jul 2024,4.0
It works but it feels extremely cheap. Has a slight wobble. But for the price it ok .  ,11 Nov 2024,3.0
Good as of now,09 Jul 2024,4.0
"crack has appeared only after some months and i've barely used it, asked for help from seller and reply was literal cold 'no' and after that left me on seen.",21 Dec 2023,1.0
Ramro lagyo. Tara expensive raixa,08 Oct 2023,3.0
Ramro xa,01 Jul 2024,5.0
"Good quality aluminum is good, but shot.",14 Apr 2024,5.0
"really good product if you are just looking for a strong and rigid stand for your pc. 
Worth the buy",26 Nov 2023,5.0
Good but it was small as expected,02 May 2024,4.0
quantity dherai ramro xa..,22 May 2024,4.0
"Looks good, yet to use it.",28 Sep 2021,4.0
"sano xa
not suitable for bigger laptop especially gaming laptops.
ani rust lagako xa steel screw ma.

",16 Nov 2023,1.0
"Good Product. Works as advertised. Nothing loose or any issue. Once, the laptop is placed on it, it's sturdy and doesn't wobble. Got it for Rs. 471 total(including Rs. 25 delivery charge to Daraz seller center). For the price of even around Rs. 500, it's a good product.",20 Nov 2023,5.0
Liked it. Hope it will last long,12 Apr 2023,5.0
ramro xa,05 Jun 2024,4.0
Very Durable. Amazing quality.,19 Apr 2024,5.0
thikai ho ,21 May 2024,5.0
"honestly, didn't think it'd be reliable or amazing  but boy i was wrong, i recommended this piece to few of my friends and cousins, and they loved it as well. it's a fixture on my desk now and has been for months.

if you are looking for a laptop stand, yes, you should consider this! (bonus: it's easily portable)",19 Aug 2023,5.0
It arrived very quickly and is perfect for what I was looking for. A few scratches but nit noticeable. ,26 Jul 2023,5.0
The build quality is nice. Euta side che ali sturdy Lagena.But definitely worth the price and is good especially for light weight laptops.,29 Aug 2023,4.0
,05 Oct 2021,4.0
,17 Aug 2025,5.0
Simply nice!,09 Apr 2024,5.0
Was smaller then expected but its premium quality.,28 Dec 2023,5.0
the product is nice!!! delivery was also quick and very well packaged ,01 Nov 2023,5.0
it's nice i like it,20 Mar 2024,4.0
Best Quality,19 Mar 2024,5.0
Bears 16inch lenovo legion easily. Stable and good quality.,07 Dec 2023,5.0
Thikai xa,15 Mar 2024,4.0
"Works great and is sturdy.

#review_wrapup",31 Dec 2023,4.0
Legs are wobbly but does the job. Nicely packaged. Rubber feet provides nice grip on table so it's not slippery. Overall Nice product.,12 Nov 2021,4.0
This is an excellent product. Built material aluminum vayera ekdam daro xa. Mero 16 inch ko laptop mazale support garyo without any problem. Very much recommend at this price. Plus carrying case is a nice touch.,30 May 2022,5.0
I had requested to either refund or replace the product but haven‚Äôt heard from your store yet.. it has been over two weeks now !! You have canceled my fund request and have not responded to my messages. ,11 Aug 2022,5.0
"Great product for the price range. Sturdy and has a good grip. I use it with an external keyboard and mouse, and this stand works well for it.",06 Jan 2023,5.0
"Got the product delivered, the next day. 
The material looks good, can also be used for heavy gaming laptops. 
While other things look good, the hinges are kinda loose, not a perfect fit, which reduces the overall usage experience... thus only 3 stars...
if you are using an external keyboard for typing the stand seems to be good enough... which I am doing",20 Feb 2022,3.0
"Great product, sturdy and firm. Gets the job done, when at the steepest angle. Make sure to keep the legs flat on the surface to reduce/eliminate wobbling. I recommend using external mouse & keyboard when using a lepton with this. Lastly, done good words for the vendor who tried to give me personalised customer service. Thanks a lot! ",09 Aug 2021,5.0
Not worth the price. It has strength to support the laptop but it is not suitable for laptops larger than 15.6 inch because it is too narrow. Also one of the bars don't align properly in the holes :/ Absolutely not worth RS 1000. It would be a great product it if was around 300 rupees.,26 Jan 2022,3.0
"Doesn't wobble, sturdy and genuine product. One of the legs wobble a bit, but hasn't cause any problem yet. Maybe the problem was caused on the time of delivery.",08 Oct 2021,4.0
"Took expensive to the same product compared to other store herein daraz. 
Product Quality is good. Ordered twice from here and twice from the other seller. ",27 Jul 2022,5.0
I ordered it after reading a lot of positive reviews on Daraz (which is rare). I wasn't disappointed. compact yet sturdy laptop stand.,22 Feb 2022,5.0
kasam ma achammai  parey.yetiko price ma  yesto  ramro  product first time  pako  mailye.aru  store ma  outof stock xaw tai pani  price ekdam  high xaw but  yo price ma  delivery charge garera pani  sasto  ma  yesto  ramro iam speachless first when i  open it.mataw normal hola vanera sochyeko  thiye but amazing yar beyond the expectation  from daraz for the  first time.,06 Mar 2023,5.0
j hos product thick mero chai paisa usul vayo. socheko bhanda product size chai sano lagyo. aru thick chha. neck problem vairathyo laptop chalayera now neck problem thorai vaye ni relief hune jasto lagyo,19 Nov 2021,4.0
Its good and sturdy....except one leg is a bit loose than the other. Doesn't seem like a problem though,11 Oct 2022,5.0
"Bought it about 2 weeks ago and have been using it for a while. While most of the reviews here found it good, I didn't. For me, the product felt not well-engineered. The axes of the hinges are not sturdy and the handles kept slipping from their holes whenever I had to do micro-adjustments to the laptop. Don't get me wrong -- the stand handles any weight of the laptop because it's made from metal and can give the keyboard a much needed slope to make it easy to write. But the lack of sturdyness of the stand and the small width of the stand make typing hard because the laptop felt wobbly. If you are going to attach an external keyboard, then this product might be a good buy as you won't be touching a laptop. But, if you are going to be typing on the laptop then you are going to not like it.

PS: My laptop is a 15.6 inch laptop and I bought this laptop mainly so that the keyboard will feel inclined and the sharp edges of the laptop wont hurt my hand.",29 Nov 2021,1.0
This laptop stand is not very practical. It's not very sturdy and it's not very adjustable. I tried using it for my laptop and it just didn't work well. I ended up just using a stack of books instead.,20 Sep 2022,1.0
"holder, euta ko grip alik loose thiyo compared to the other.. anyway i dont think it will be a problem will using but organise garda chai thoraiü§è",06 Feb 2023,4.0
"Highly recommended. It helps to keep your laptop cool. Received the product exactly how it is shown. Very sturdy, I don't fear my laptop falling off.

External keyboard & mouse would be suitable if you get this stand.

Worth your money üëç",17 Nov 2021,5.0
"I‚Äôm glad I came on this website, and not just because the product I wanted was less expensive here than it was elsewhere. From the moment of order through delivery, the service was excellent, and the communication was courteous and professional.",02 Dec 2021,1.0
"I guess you get what you paid for. The product is okay and it is holding my 16inch macbook properly.
One of the stand is very lose, so it's a bit hard to setup because of it. I don't think it'll give any issues if I don't move it too much, but will have to wait to find that out.",15 Nov 2022,4.0
Surprisingly heavier that expected but the locks are quite sturdy so till now no issue. The aluminium alloy is heavier that other laptop stand i have used.,25 Oct 2021,5.0
"Gets the job done!

It isn't real aluminium by any chance, feels more like a plastic with aluminium looking coat.
But hey I am not an industrial scientist.

Doesn't feel durable if thrown around but supports my 13"" MacBook pro.
It is slightly wobbly at times and even when fully expanded horizontally it's only 5"" long which feels a little short for my 13"" mac.
Wouldn't recommend for bigger or sturdier laptops.

What can I say, there's room for improvement in the product. The idea is great. The implementation is subpar.
I had higher expectations with the product so keep yours low.

The rubber grips are fairly good though!",29 Jan 2022,3.0
"good product but right side leg is bit uneven and doesn't snugly fit inside the notched groove(pwal). it tends to wobble, but with the load of laptop, the wobbling issue is eliminated.",30 Jan 2023,5.0
It's worth the price. If you are looking for some simple stand nothing fancy then I highly recommend you to buy this. ,15 Dec 2021,5.0
Its worth it and very useful to elevate the laptop for good airflow and posture adjustment and fits my 17 inch laptop perfectly,13 Dec 2021,5.0
"Working great, I use it for 17"" heavy laptop. I use separate wireless mouse and keyboard. Been using it for more than a week now. I don't take out the laptop much, if you do then will take a bit of time to adjust it.",30 Jan 2022,5.0
Product ‡§ß‡•á‡§∞‡•à ramro chha ‡•§sochejasto deliver vayo‡•§ fully satisfied about this product ‡•§ Thank you daraz ,08 Mar 2023,5.0
"The product a little flimsy but it worked really well with my computer. I recommend it. 
I wouldn't normally mention this on the review but the seller was kind enough to call me to see if I liked the product. Five stars.",13 Sep 2021,5.0
"Product is decent and it does the job right. The cover cloth I received with this was absolutely trash through.

Recommended.",15 Jun 2022,4.0
The product is really good. One thing that I would expect it is to have a lock when expanded. But that is not much of a problem.,21 Oct 2022,5.0
"Great service. I had ordered the product on Friday 8th oct 2021 and goods got delivered today 10 oct 2021. 
100% Satisfied with product.",10 Oct 2021,5.0
It's a great product. Does what it is supposed to do and it's sturdy and holds my 15-inch laptop perfectly fine.  ,10 Oct 2021,5.0
"Defective product, Laptop doesn't sit on rubber pad instead of on bolts so it's not stable to use when on the stand.",03 Feb 2022,1.0
"It's good. It fits my 15-inch laptop just fine. It gets a little wobbly sometimes, but other than that, it's good.",30 Nov 2021,5.0
Does the job. But not worth the price. The 600-800rs plastic ones with even fan inbuilt are far better and stable than this product.,24 Dec 2021,3.0
nice and sturdy build,13 Oct 2023,5.0
"it's better than expected
",13 Oct 2023,5.0
Last ko duita adkaune dulo ma Ali unstable hunxa So 3 star but considering the price .. Go For it ,05 May 2022,4.0
The package was well packed & this is an item which you think you might not need but you do ü§£ü§£. ,30 Oct 2021,5.0
Nice quality sturdy design .Love it,29 Aug 2023,5.0
"Nice Product. 
Worth Buying. ",08 Aug 2023,5.0
It's good and working fine for me,25 Jul 2023,4.0
was worth the money too good...,23 Jul 2023,5.0
works as promised. size mileko chha,31 Jul 2023,5.0
good quality nice material toüëç,24 Aug 2023,5.0
a very good product. easy and portable,30 Jun 2023,5.0
I am totally satisfied with this  product. The built quality is excellent for this price range ,18 Jan 2022,5.0
It's good one. Seems durable ,27 Sep 2023,5.0
ramro cha tara Ali kati imbalance vayeko feel vayo with out laptop.but with laptop it's good,03 Aug 2021,5.0
"Thikai xa kinda hunxa
",18 Sep 2023,3.0
"Nice, 
light and effective 
perfect 
comes with pouch 

ordered one more again 

thanks ",12 Sep 2022,5.0
Best one,09 Oct 2023,5.0
Good quality product.,22 Aug 2023,4.0
"Don't get confused about its durability and built quality, absolutely solid and heavy. ",14 Aug 2022,4.0
Built quality is excellent üëç,06 Sep 2023,4.0
"seems flimsy after some use
",01 Aug 2023,4.0
"Very useful, a good product",02 Jul 2023,5.0
nice and handy,06 Oct 2023,5.0
‡§è‡§ï‡§¶‡§Æ‡•à ‡§∞‡§æ‡§Æ‡•ç‡§∞‡•ã quality ko xa,26 Jul 2023,5.0
ramro xa product 10/10,10 Jul 2023,5.0
More on the cheaper side might get some scratches on my laptop due to lack of Coushins.,13 Nov 2022,5.0
Best for any laptops. ,01 Aug 2023,5.0
loved it ,05 Oct 2023,5.0
Smaller than it looks on picture. A little flimsy as well but for the price it's fine.,29 Nov 2021,3.0
"it's in good quality but it's small for my laptop 
it is perfect for mid size laptops ",08 Mar 2023,4.0
Quit useful product. Quality looks good so far. But I got one of stand slight loose.,19 Dec 2022,4.0
Not a proper fit for my laptop(lenovo legion 5). But product is good. looks premium.,28 Oct 2022,3.0
Material used ra build quality dubai ramro cha. Won't hurt buying it. Worth it cha.,21 Aug 2022,4.0
it's good but not stable.,30 May 2024,3.0
Nice Genuine Product. It's made up aluminum and received the stand bag as well. ,22 Dec 2021,5.0
"As expected, original product. Recommended, Thank you for the delivery on time.",16 Jan 2023,5.0
sturdy and nice. ,21 Jul 2023,5.0
,,
,,
,,
,,
,,
,,
,,
,,
,,
excellent  item useful help ful. i recommend you all to buy in this price. ,22 Jun 2022,5.0
price anusar ramro cha. Worth it. I would definitely recommend to buy itüòä,05 Feb 2023,5.0
Excellent build quality. Very strong and quite sleek and compact design.,23 Aug 2022,5.0
Reviewed already. Quality is good. expensive comparative to other store.,26 Jul 2022,5.0
" stand works well for macbook 13 inch , well built and supports weight.",14 Nov 2022,5.0
fastest delivery - got it the next day i ordered. the stand is sturdy.,29 Mar 2023,5.0
Wow so strong and supop laptop stang.fully satisfied.Thank you daraz.,03 Nov 2021,5.0
"The stand is strong and capable of holding any laptop.
Nice products",23 Mar 2023,5.0
well just got the product and its missing a grip and its too Shakey ,10 Jul 2022,3.0
"It's good but one pin type of thing is loose
But overall its good ",25 Nov 2022,4.0
Very good quality and works perfectly even for 15 inches laptop. ,13 Sep 2022,5.0
This is a very good quality one! i'm loving it. Just go for it‚ù§Ô∏è,16 Mar 2022,5.0
"Later found the same product in less price , but product is good",06 Jan 2022,4.0
euta thau ma nut loose cha idk if its gonna cause problem later ,13 Oct 2022,4.0
Aalik alignment na mileko raixa‚Ä¶ but price anusar kai saman xa ,12 Jun 2022,4.0
The product quality is good and perfect for my 17 inch laptop. ,03 Mar 2023,5.0
This is definitely a good thing to buy and the quality is good.,29 May 2022,5.0
The product is great and provides you with a professional feel.,04 Jul 2022,5.0
amazing product. worth the money. good material and quality. ,02 Dec 2021,5.0
"Impressive!
tara ali ali hallido raixa, built nai testo ho ki",10 Nov 2021,4.0
Preety good ig,08 May 2024,3.0
"Sturdy built quality, and definitely aluminum as described.",30 Jul 2021,5.0
"Perfect for my legion 5 
this can hold heavy laptops easily",17 Apr 2022,5.0
thikai xa darai xa.. kaam chalxa... yo price ma thikai xa..,14 Nov 2022,4.0
Like i expected it to be. Good product. I would recommend.,15 Sep 2021,4.0
Low quality product. Dui tin choti use garda nai bigriyo. ,04 Jul 2022,1.0
"best stand for laptop for that price , durable and strong ",10 May 2022,5.0
full satisfied with product quality and reasonable price ,01 Feb 2022,5.0
The frame seems to be sturdy and holding 16 in computer.,23 Feb 2022,5.0
Stand is okay. But the pins are not secured well enough,24 May 2022,4.0
amazing product. it is just as it should be.üòáüòáüòáüòá,29 Jan 2022,5.0
Delivered in good condition. Product is also good.,21 Aug 2022,5.0
The product is nice as expected and looks durable.,24 Mar 2022,4.0
It fits perfectly for the 14inch laptop. Thankyou,16 Mar 2023,3.0
couldn't be more satisfied . such a nice product ,04 Sep 2022,5.0
Minimalist and perfect. Does its job perfectly.,30 Dec 2021,5.0
"strong enough with Al material but adjust very loosely, So, can't place laptop anywhere.",19 Jun 2023,3.0
tetti strong ra stable ta hoina but still worksalik sasto wala liye ni hune raixa,16 Jul 2023,3.0
"Had a bit of scratches but hardly noticeable
",20 Oct 2021,5.0
"wasn't provided with the pouch as advertised
",31 Oct 2021,2.0
"Noice product, good build quality loving it ",08 Feb 2022,5.0
Very good product. Everyone should use this.,30 May 2022,5.0
Better Quality then expected for the price.,19 Nov 2021,5.0
I think this is beatar for regular usear ü§©,12 Jan 2023,5.0
Very good product. Better than i expected.,23 Jan 2023,5.0
One of the stands broke after 3 weeks of light usage :( ,27 Sep 2025,2.0
Its just as advertised and happy with it.,29 Jun 2022,5.0
"good one, but must check before delivery.",28 Mar 2022,5.0
Just as shown in the pics.. It's alright.,26 Oct 2021,5.0
Good product. Nice build quality as well,23 Nov 2021,5.0
Nice product .. pulley could have better,18 Sep 2022,4.0
"Good quality..
Got 6 level only though..",01 Sep 2021,5.0
Everything is good. Received next day. ,06 Dec 2021,5.0
Good for price. Does the job perfectly ,01 Sep 2022,5.0
sturdy and easy to set up. Good product,15 May 2022,5.0
"I think it's good  product, thank you.",06 Mar 2023,5.0
"Good enough, not well balanced though.",04 May 2022,4.0
size is smaller than shown in picture,18 Apr 2022,5.0
Awesome product for the price range.,13 Nov 2022,5.0
Strong and stiff...good laptop stand,11 Jul 2022,5.0
"Babaal ramro xa yr.. 
strong üí™üí™üí™",13 Feb 2022,5.0
Good and sturdy product! Recommend,04 Apr 2022,5.0
it's ok but not met my exception ,12 Nov 2021,3.0
Quality not good. Not satisfied ,10 Apr 2022,1.0
bought it for legion 5. it fits.,15 Sep 2022,5.0
The product was good and sturdy.,06 May 2022,5.0
As advertised. Well good seller,16 Oct 2021,5.0
very great product!! loved it ,22 Apr 2022,5.0
good product ...should buy it,15 Dec 2022,5.0
it's good and quite strong. ,12 Nov 2021,5.0
Satisfied with the product. ,24 Aug 2021,5.0
Feels cheaper and not tight ,03 Mar 2023,3.0
"It's just exactly as shown.
",20 Apr 2022,5.0
it was as expected. no sacm,19 Nov 2022,4.0
"built quality is fair 
",09 Jan 2024,3.0
not so sturdy as expected,16 Feb 2022,3.0
Good Quality and Strong. ,08 Feb 2022,5.0
Stable and good product ,20 Oct 2021,5.0
good quality. satisfied.,15 Sep 2021,4.0
Great to use in office ,22 Nov 2021,5.0
Satisfied with product ,06 Dec 2021,5.0
Happy with the product.,31 Dec 2021,5.0
not bad ,05 Feb 2024,3.0
Perfect. Minimalist.,27 Dec 2021,5.0
It is very useful ..,13 Feb 2023,5.0
very nice product üòä,16 Mar 2022,4.0
price wise amazing. ,21 Mar 2022,4.0
The product is good.,17 Dec 2021,5.0
"not very good
#review_wrapup",21 Dec 2023,3.0
Not the best quality,08 May 2023,3.0
It‚Äôs okey ,29 Sep 2023,3.0
got damanged piece,28 Jun 2023,3.0
actually this is for office use ... you Ghar ma use garxau vana .. halka xuina betiika Tala ko stand naii yesta uta hunx .. laptop ladxa üòû ....(the hole Stand don't working Nicely... laptop is not stable on it ... ) ,12 Jun 2023,1.0
the screw thing just popped off in like a week . Tried to fixing it but didn't work. ,11 Nov 2023,1.0
"Very poor quality, the bolt fell off the moment i opened the package.",21 Jul 2023,1.0
overpriced,21 Nov 2021,3.0
works well,30 Oct 2021,5.0
Yeti paisa MA sabai ramro cha. Price anusar justify garcha only issue is motorola could bring higher storage varient by adding price. 64 gb is very very less,19 May 2025,5.0
first time i purchased smartphone through daraz. initially i was suspicious about the product after seeing reviews. but i got a nice one. thank you moto.,13 Nov 2025,5.0
Nice and genuine product service provided by Daraz and CG   group This is very good phone under 13k no phone can beat this profermence highly recommend to all,22 Jul 2025,5.0
‡§ï‡•á ‡§Æ‡•ã‡§¨‡§æ‡§à‡§≤ ‡§™‡§†‡§æ‡§è‡§ï‡•ã? ‡§ö‡§≤‡§æ‡§è‡§ï‡•ã ‡•©-‡•™ ‡§¶‡§ø‡§®‡§Æ‡§æ ‡§∏‡•ç‡§ï‡•ç‡§∞‡§ø‡§® ‡§Ü‡§´‡•à ‡§ù‡•ç‡§Ø‡§æ‡§™ ‡§π‡•Å‡§®‡•ç‡§õ ‡•§ ‡§ï‡§≤‡§∞ interface ‡§Ü‡§´‡•à ‡§ñ‡•Å‡§≤‡•ç‡§õ ‡§Ö‡§∞‡•Å ‡§ï‡•á‡§π‡§ø ‡§ñ‡•ã‡§≤‡•ç‡§® ‡§™‡§∞‡•ç‡§Ø‡•ã ‡§≠‡§®‡•á ‡§π‡§Æ‡•ç‡§Æ‡•á ‡§™‡§∞‡•ç‡§õ ‡•§ ‡§Æ‡§æ‡§®‡•ç‡§õ‡•á ‡§†‡§ó‡•ç‡§®‡•á?,29 Aug 2025,5.0
Great according to price. Low storage is bit issue otherwise no lag or no pixelation.,19 May 2025,5.0
Yeti paisa MA sabai ramro cha. Price anusar justify garcha only issue is motorola could bring higher storage varient by adding price. 64 gb is very very less,19 May 2025,5.0
first time i purchased smartphone through daraz. initially i was suspicious about the product after seeing reviews. but i got a nice one. thank you moto.,13 Nov 2025,5.0
Nice and genuine product service provided by Daraz and CG   group This is very good phone under 13k no phone can beat this profermence highly recommend to all,22 Jul 2025,5.0
‡§ï‡•á ‡§Æ‡•ã‡§¨‡§æ‡§à‡§≤ ‡§™‡§†‡§æ‡§è‡§ï‡•ã? ‡§ö‡§≤‡§æ‡§è‡§ï‡•ã ‡•©-‡•™ ‡§¶‡§ø‡§®‡§Æ‡§æ ‡§∏‡•ç‡§ï‡•ç‡§∞‡§ø‡§® ‡§Ü‡§´‡•à ‡§ù‡•ç‡§Ø‡§æ‡§™ ‡§π‡•Å‡§®‡•ç‡§õ ‡•§ ‡§ï‡§≤‡§∞ interface ‡§Ü‡§´‡•à ‡§ñ‡•Å‡§≤‡•ç‡§õ ‡§Ö‡§∞‡•Å ‡§ï‡•á‡§π‡§ø ‡§ñ‡•ã‡§≤‡•ç‡§® ‡§™‡§∞‡•ç‡§Ø‡•ã ‡§≠‡§®‡•á ‡§π‡§Æ‡•ç‡§Æ‡•á ‡§™‡§∞‡•ç‡§õ ‡•§ ‡§Æ‡§æ‡§®‡•ç‡§õ‡•á ‡§†‡§ó‡•ç‡§®‡•á?,29 Aug 2025,5.0
Great according to price. Low storage is bit issue otherwise no lag or no pixelation.,19 May 2025,5.0
‡§ï‡•á ‡§Æ‡•ã‡§¨‡§æ‡§à‡§≤ ‡§™‡§†‡§æ‡§è‡§ï‡•ã? ‡§ö‡§≤‡§æ‡§è‡§ï‡•ã ‡•©-‡•™ ‡§¶‡§ø‡§®‡§Æ‡§æ ‡§∏‡•ç‡§ï‡•ç‡§∞‡§ø‡§® ‡§Ü‡§´‡•à ‡§ù‡•ç‡§Ø‡§æ‡§™ ‡§π‡•Å‡§®‡•ç‡§õ ‡•§ ‡§ï‡§≤‡§∞ interface ‡§Ü‡§´‡•à ‡§ñ‡•Å‡§≤‡•ç‡§õ ‡§Ö‡§∞‡•Å ‡§ï‡•á‡§π‡§ø ‡§ñ‡•ã‡§≤‡•ç‡§® ‡§™‡§∞‡•ç‡§Ø‡•ã ‡§≠‡§®‡•á ‡§π‡§Æ‡•ç‡§Æ‡•á ‡§™‡§∞‡•ç‡§õ ‡•§ ‡§Æ‡§æ‡§®‡•ç‡§õ‡•á ‡§†‡§ó‡•ç‡§®‡•á? ,29 Aug 2025,5.0
Great according to price. Low storage is bit issue otherwise no lag or no pixelation.  ,19 May 2025,5.0
A little lag but. But very Good for price. Auto brightness is a little bit hassle. ,19 Oct 2025,5.0
all good but vibration on back side gives  a little bit unpleasant experience ,17 Jun 2025,5.0
yekdam ramro lagyo maile 2 pic li sake.... ,13 Aug 2025,5.0
very nice product in affordable price ,13 Aug 2025,5.0
Best product i think Rs.12000 range  ,26 Jul 2025,5.0
Very nice phone .. I loved it ,16 Aug 2025,5.0
Best Phone In Price Range ‚ù§Ô∏è ,10 Jun 2025,5.0
good phone for the price üòÉ ,18 Oct 2025,5.0
thank you daraz  ,09 Jun 2025,5.0
Best phone ,29 May 2025,5.0
Nice ,14 May 2025,5.0
"I have not used the phone myself but I brought it for my family, they told me over and over that the phone is awesome. Thank you for the service, the delivery was more than expected. ‚ù§Ô∏è ",17 May 2025,5.0
thik chha color blue magako kaka ko man pareko color aayana re risaunu vo malai ma khusi chhaina color bata  ,08 Aug 2025,5.0
‡§∞‡§æ‡§Æ‡•ç‡§∞‡•ã ‡§õ ‡§ú‡•á ‡§π‡•ã‡§∏ ‡§™‡•à‡§∏‡§æ ‡§Ö‡§®‡•Å‡§∏‡§æ‡§∞‡§ï‡•ã ‡§∏‡•á‡§™‡•ç‡§ü‡•Ä ‡§ó‡•ç‡§≤‡§æ‡§∏ ‡§™‡§®‡§ø ‡§π‡§æ‡§≤‡•ç‡§¶‡§ø‡§®‡•Å ‡§™‡§∞‡•ç‡§®‡•á ‡§π‡•ã ‡§§‡•ç‡§Ø‡§∏‡§ï‡•ã ‡§ï‡§Æ‡§ø ‡§∞‡•à‡§õ ,02 Aug 2025,5.0
I found problem in display during switching on ,23 Jul 2025,2.0
Received a bit late but works fine ,27 Jun 2025,4.0
Best phone under 13000 ,21 Aug 2025,5.0
Good for the price ,20 Nov 2025,5.0
‡§è‡§ï‡§¶‡§Æ ‡§∞‡§æ‡§Æ‡•ç‡§∞‡•ã ‡§´‡•ã‡§® ‡§õ  ,28 Jul 2025,5.0
"While the hardware and design are impressive, the phone struggles with lag even during everyday tasks. This raises concerns about how its performance will hold up over time. ",07 Dec 2025,3.0
Not good phone. Feeling regret.  ,06 Jul 2025,1.0
So disappointed please don‚Äôt scam to people. Totally different from your profile picture,4 weeks ago,3.0
clearly brown written in your product and i received black.do u think its joke when u sell online.if you dont know english ask someone who knows to deal with,20 Nov 2025,5.0
I ordered brown but delivered black and it's not same quality shoes what I saw in picture,09 Dec 2025,5.0
good,1 week ago,5.0
"very bad quality zip is broken
 ",02 Dec 2025,1.0
good ,1 week ago,5.0
I ordered brown and they deliver me black with very bad quality  ,21 Dec 2025,1.0
eauta dekhayara arko saman pathaune ,02 Jan 2026,1.0
eauta vanera arko saman pathaune ,02 Jan 2026,1.0
"very bad quality zip is broken
 ",02 Dec 2025,1.0
good ,1 week ago,5.0
I ordered brown and they deliver me black with very bad quality  ,21 Dec 2025,1.0
eauta dekhayara arko saman pathaune ,02 Jan 2026,1.0
eauta vanera arko saman pathaune ,02 Jan 2026,1.0
ekdam ramro xa tide plus ho to white plus vanejastai xa,12 Mar 2025,5.0
i always use tide surf.. i got in good condition,20 Nov 2025,5.0
good but no discount in any occasion,21 Dec 2025,5.0
received in the best condition.,19 Apr 2025,5.0
Satisfied. Received well,15 Nov 2025,5.0
ekdam ramro xa tide plus ho to white plus vanejastai xa,12 Mar 2025,5.0
i always use tide surf.. i got in good condition,20 Nov 2025,5.0
good but no discount in any occasion,21 Dec 2025,5.0
received in the best condition.,19 Apr 2025,5.0
Satisfied. Received well,15 Nov 2025,5.0
received well.  ,31 Mar 2025,5.0
"Got it without any damage, it's really good and smells amazing ",22 Mar 2024,5.0
Shipping services ra seller service is 100% perfect but product ko quality chai after use review dinchhu ,05 Feb 2025,5.0
surf ramro lagyo.... 1st time magayera use gardai xu... mahango brand lai beat gardo raixa.. ,31 Dec 2025,5.0
I love this product and have been using it for many years on my machine.  works well ,19 Nov 2025,4.0
‡§∞‡§æ‡§Æ‡•ç‡§∞‡•ã ‡§õ‡•§ ‡§Ø‡§§‡§ø‡§ï‡•ã ‡§¶‡§æ‡§Æ ‡§Æ‡§æ 8‡§ï‡•á‡§ú‡•Ä  ,15 Nov 2025,4.0
good product üëå üëç üëè  ,05 Jan 2026,5.0
Very good product  ,13 Dec 2025,5.0
I like gud surf ,01 Apr 2025,5.0
wow great deal ,03 Dec 2025,5.0
nice product. ,2 weeks ago,5.0
Dammi ,13 Nov 2025,5.0
ramro xa ,17 May 2025,5.0
"Nice
 ",22 Nov 2025,5.0
cloth is ok but without stitches ü§îü§îü§îquality is ok but without stitches according to price clothe is good lahanga choli dupata but i am disappointed only received clothes u have to stitched your self,22 Mar 2024,4.0
Such A beautiful lehnga attach with dupataüòäüòäüòäüòä,10 Mar 2024,5.0
‡§Æ‡•à‡§≤‡•á ‡§Æ‡•á‡§∞‡•ã ‡§¨‡•Å‡§¢‡•Ä‡§ï‡•ã ‡§≤‡§æ‡§ó‡§ø ‡§Æ‡§π‡§Å‡§ó‡§æ‡§ï‡•ã ‡§•‡§ø‡§è‡§Å ‡§è‡§ï‡§¶‡§Æ ‡§∞‡§æ‡§Æ‡•ç‡§∞‡•ã ‡§õ‡•§ ‡§§‡§∞ ‡§´‡§ø‡§ü‡§ø‡§ô ‡§ö‡§æ‡§π‡§ø‡§Å ‡§ó‡§∞‡•ç‡§®‡•Å‡§™‡§∞‡•ç‡§õ‡•§,18 Aug 2024,5.0
"my sister likes this dress so much 
helpful seller 
thank you",17 Oct 2023,5.0
dherai Ramro xa Saman ‚ù§Ô∏ègood product,28 Sep 2023,5.0
cloth is ok but without stitches ü§îü§îü§îquality is ok but without stitches according to price clothe is good lahanga choli dupata but i am disappointed only received clothes u have to stitched your self,22 Mar 2024,4.0
Such A beautiful lehnga attach with dupataüòäüòäüòäüòä,10 Mar 2024,5.0
‡§Æ‡•à‡§≤‡•á ‡§Æ‡•á‡§∞‡•ã ‡§¨‡•Å‡§¢‡•Ä‡§ï‡•ã ‡§≤‡§æ‡§ó‡§ø ‡§Æ‡§π‡§Å‡§ó‡§æ‡§ï‡•ã ‡§•‡§ø‡§è‡§Å ‡§è‡§ï‡§¶‡§Æ ‡§∞‡§æ‡§Æ‡•ç‡§∞‡•ã ‡§õ‡•§ ‡§§‡§∞ ‡§´‡§ø‡§ü‡§ø‡§ô ‡§ö‡§æ‡§π‡§ø‡§Å ‡§ó‡§∞‡•ç‡§®‡•Å‡§™‡§∞‡•ç‡§õ‡•§,18 Aug 2024,5.0
"my sister likes this dress so much 
helpful seller 
thank you",17 Oct 2023,5.0
dherai Ramro xa Saman ‚ù§Ô∏ègood product,28 Sep 2023,5.0
Overall good in comparison to the price but the stitching cost is more than the price of this product!,10 Oct 2023,4.0
Product is good my wife is so happy..,30 Aug 2023,5.0
beautiful as picture ,20 Dec 2024,5.0
Saiz vayena sir ,15 Aug 2025,5.0
jasto socheko thiya testai paya dharai khushi di moh ta üòä‚úåÔ∏è price anusar dharai ramro xa ‚ù£Ô∏èüòò ,25 Aug 2024,5.0
not really  like the picture  but  ok,29 Dec 2023,1.0
It's very genuine . My wife is very happy after seeing this product .,01 Apr 2024,5.0
nice ramro lagyo dherai ramro xa bajet anusarko kapada ,15 Nov 2025,5.0
"good communication ,good manner 


",07 Mar 2024,5.0
awesome ,22 Mar 2024,5.0
I am very satisfied  ,24 Sep 2024,5.0
very nice products  ,12 Dec 2025,5.0
so beautiful üòçüòç  ,19 Dec 2025,5.0
nice ,27 Dec 2024,5.0
nice üëç ,28 Nov 2024,5.0
best product ever,17 Jan 2024,5.0
"product is good
",05 Oct 2023,5.0
"akdam bakbash xa
matra kapda aako xa silako xaina ",28 Sep 2025,1.0
,29 Apr 2025,3.0
for full sleeve there is not enough.... ,24 Nov 2024,2.0
value for money üí∞ good üíØüòäüòäüòäüòä,29 Dec 2025,5.0
this product is tooo good .,07 Dec 2025,4.0
‡§∞‡§æ‡§Æ‡•ç‡§∞‡•ã ‡§õ‡•à‡§®‡•§ ‡§™‡§æ‡§®‡•Ä ‡§ö‡•Å‡§π‡§ø‡§è‡§ï‡•ã ‡§õ,01 Jan 2026,5.0
Good üëç,31 Dec 2025,4.0
address inside not giv,12 Dec 2025,5.0
value for money üí∞ good üíØüòäüòäüòäüòä,29 Dec 2025,5.0
this product is tooo good .,07 Dec 2025,4.0
‡§∞‡§æ‡§Æ‡•ç‡§∞‡•ã ‡§õ‡•à‡§®‡•§ ‡§™‡§æ‡§®‡•Ä ‡§ö‡•Å‡§π‡§ø‡§è‡§ï‡•ã ‡§õ,01 Jan 2026,5.0
Good üëç,31 Dec 2025,4.0
address inside not giv,12 Dec 2025,5.0
Worth the price :) ,22 Dec 2025,4.0
products is nice ,12 Dec 2025,5.0
nice product. ,2 days ago,5.0
Very good  ,29 Dec 2025,5.0
damaged ,2 weeks ago,5.0
Ramro xa ,09 Dec 2025,4.0
I get it already thank you  ,06 Jan 2026,3.0
1 hapta nahudae bigryoüòñ ,3 weeks ago,3.0
light wait for this jug ,05 Dec 2025,3.0
low quality product don't buy this product  ,03 Jan 2026,1.0
after 2 use it wont work  ,2 weeks ago,2.0
